text,label
"Greetings from Labmentix! We are pleased to inform you that you have been shortlisted for the next stage of the internship selection process. You are required to complete the following steps within the next 24 hours: 1. LCAT Test (30 minutes) – Appear for the Labmentix Competency & Aptitude Test. 2. Induction Program – Candidates who successfully clear the test will be invited to attend the induction program, where further details regarding the internship will be shared. career@labmentix.in",scam
"Congratulations! With reference to the interview you had with us, we have great pleasure in appointing you as an ASSISTANT FINANCE ANALYST with L&T Technology Services Limited (referred as Company henceforth) on the following terms and conditions:' 1. Period of Training The Period of training will be for One Month from the date of commencement of training. After successful completion of the training period, candidates demonstrating satisfactory performance may become eligible for a salary revision ranging from 30% to 40%, as per company policies and performance evaluation standards. The training commences on 16/09/2026 and it is essential that you join on this date. Please report to (Human Resources - After accepting our offer, if you do not report on the date of joining, this letter of appointment stands automatically withdrawn. 2. Absorption On successful completion of your training to the satisfaction of the Company, of which the Company shall be the sole judge, you will be placed in the Executive Cadre or an equivalent grade in any of the Departments/Offices of the Company. You will be treated as a confirmed employee only when your services are confirmed in writing by the Company. infodesklts@gmail.com",scam
"Thank you for the interest you have shown in our organization. Consequent to our discussion and subsequent discussions you had with us, we are pleased to inform you that it has been decided to make you an Offer of employment in Pintellix India Pvt Ltd as Developer Fresher. If you accept this offer you are required to join on 14 ... and report for joining on the said date. You are requested to inform the ... and self-attested Photostat copies; originals will be returned after verification. The overall per annum CTC offered to you is Rs. 498,000/-. This offer of employment with company is subject to the successful ... of information provided by you. By accepting this offer you are also confirming that: You have terminated your employment ... (if any) in compliance with their terms and conditions. There are no contractual obligations ... to you that would prevent you from delivering your responsibilities ... with this Company. Capella E Systems Pvt Ltd is not liable for any ... by you as part of termination of any previous employment. You are not bringing in any Intellectual Property ... and have sole ownership of ... info@capellasys.co.in",scam
"Greetings from Axonbloom Talent! We are delighted to offer you the opportunity to join Axonbloom Talent as an Intern for a period of 1-3 months. Your internship period will be for 1-3 months. The start date can be chosen by you at the time of completing the registration process. This internship is designed to provide you with hands-on exposure to industry practices, real-time projects, and mentorship from our experienced professionals. During the internship, you will be expected to actively participate in assigned tasks, contribute to team discussions, and demonstrate consistent commitment toward learning and project delivery. The internship will be conducted Remotely / Work From Home, and you will be guided by our project leads to help you gain practical knowledge that complements your academic learning. On successful completion of the internship, you will be entitled to a stipend of ₹18,500/- Per month as recognition of your contribution. In addition, based on your performance during the internship, you may also be considered for a full-time position with Axonbloom Talent, subject to the company's requirements and policies. We request you to confirm your acceptance of this offer as soon as possible and Confirm your seat. Limited Slots are available. We are confident that this internship will be a valuable step in your professional journey, and we look forward to your active participation with our team. Please note one time registration fee is 999. support@axonbloom.com",scam
"Thank you for your time. We are reaching out to introduce a current opportunity at Dentsu Group and would like to invite you to a conversation with our team if this sounds of interest Director of Digital Marketing We believe your background may align well with what we are looking for, and we would be glad to share more about the role and learn more about your experience. This would be an opportunity to discuss the position in greater detail and explore whether it could be a good fit for both sides. If you would be open to a brief conversation, please reply to this email and let us know a suitable time for you. We look forward to hearing from you soon! dentsu.careers@talentechoes.com via desk-mailer.zohodesk.com",scam
"Action Required - Documents for Manager Service and operations team lead pan india responsibilities for Indore office career@hsbchr.co.in",scam
"Hi, you can apply now to 'Winter Internship at iRage'. It will be a great fit for you jobs-noreply@linkedin.com",genuine
"Welcome! Thank you for your interest in the Software Development Engineer Intern role at HackerRank. The next step is a short, voice-to-voice recruiter screen powered by Chakra, our AI interviewer. This is a quick, conversational check-in to confirm a few logistics for the internship. There's nothing to prepare, and you can complete it on your own time. support@hackerrankforwork.com",genuine
"Thank you for your time in applying for Apprentice position here at State Street. We truly appreciate the effort invested in your application and the interest you've shown in our company. After careful consideration, we have decided not to move forward with your application at this time. This decision is not a reflection of your skills or experience, but rather the current status of the hiring process, as we are no longer reviewing additional applications for this role. statestreet@myworkday.com",genuine
"I hope this email finds you well. I am writing to express our sincere gratitude for your interest in applying with Microsoft. To take the next step in the selection process, we would like to invite you for an interview process with us. Your placement office shall confirm you with the time of the interview and share the MS team link (meeting link). We request you to confirm your presence by accepting this invite and filling the short form as this will help us better tailor the interview process to your profile. You may refere to the attached document for the detailed work stream preference while filling the form. microsoft@yello.co",genuine
"Thank you for your application for the position of Software Dev Engineer I, Amazon University Talent Acquisition (ID: 2935068). After careful consideration and review of your application, we have decided to progress with other candidates for this role. While we are not able to provide additional feedback or information about this decision, we would like to keep in touch regarding future job opportunities. Thanks again for your interest in working at Amazon. Best regards, Amazon Recruiting Team noreply@mail.amazon.jobs",genuine
"Thank you for your interest in the Online Services Engineer position at Pacifica Companies. We are pleased to inform you that your application has been reviewed, and we would like to invite you to proceed to the interview stage of our recruitment process. Interview Availability: Thursday, October 8, 2026: 10:00 AM 5:00 PM EST Friday, October 9, 2026: 10:00 AM–5:00 PM EST Please respond to this email with your preferred date and time within the available interview window so we can confirm and schedule your interview. onboardingprocess009@gmail.com",scam
"Congratulations! You have been selected. We appreciate your interest in Pacifica Companies and look forward to speaking with you. notifications@zohoforms.in",scam
"Hi, We hope this message finds you well. Thank you for your genuine interest in Twilio. I understand the dedication and hard work that goes into a job search, and I want you to know how much we appreciate the time and effort you put into applying for the Software Engineer Intern (January 12th start, 23 weeks) position. Unfortunately, after careful consideration, the hiring team has decided not to move forward with your candidature at this time. no-reply@twilio.com",genuine
"This is to acknowledge the receipt of your application for GenAI Trainee - LNT/GT/1820562. If your experience be found to match the position, then a member of our Talent Acquisition team will contact you. In case if you do not receive any response from us within 90 days from the date of application, you may assume that you were not considered for the applied position. However, we will retain your record in our data base and will contact you if your experience be found to match a future role. careers@larsentoubro.com",genuine
"We are happy to share that J. has referred you to UnitedHealth Group and its affiliates for potential employment. careers@recruiting.uhg.com",scam